6319,0
29658,0
28346,0
8522,0
22134,0
9390,0
21237,0
8804,0
26169,0
6013,0
25856,0
16836,0
22511,0
19385,0
22121,0
23761,0
10528,0
28836,0
1779,0
12614,0
11390,0
12232,0
26579,0
12939,0
21973,0
21581,0
12237,0
22608,0
11362,0
4732,0
32,0
1241,0
11607,0
14655,0
15484,0
4238,0
29330,0
5775,0
13205,0
4559,0
13051,0
6685,0
16082,0
8830,0
6598,0
16579,0
24650,0
3556,0
28203,0
27133,0
21550,0
4219,0
24016,0
7578,0
15133,0
6038,0
7188,0
5513,0
28469,0
19430,0
13327,0
12417,0
2190,0
14056,0
24860,0
17215,0
4484,0
12581,0
29216,0
22341,0
7548,0
1677,0
25677,0
11039,0
28725,0
21345,0
10535,0
1179,0
24306,0
17084,0
23753,0
27023,0
22392,0
26373,0
25985,0
25186,0
17294,0
24222,0
25358,0
21976,0
21986,0
21827,0
2804,0
8393,0
4465,0
4806,0
19271,0
29472,0
29178,0
1993,0
23025,0
20301,0
22704,0
8780,0
15538,0
13595,0
184,0
17837,0
8620,0
5222,0
8644,0
3021,0
18743,0
25968,0
20320,0
3798,0
22225,0
15228,0
17394,0
14880,0
23665,0
6889,0
378,0
25100,0
20538,0
27092,0
14010,0
28897,0
28168,0
11122,0
23400,0
17433,0
18804,0
28778,0
9861,0
2272,0
7556,0
6298,0
9690,0
14100,0
8286,0
26095,0
7275,0
5247,0
17442,0
25110,0
22269,0
2221,0
25169,0
10323,0
29906,0
14456,0
2051,0
28464,0
17669,0
13033,0
21623,0
6862,0
22879,0
29012,0
28001,0
29871,0
4329,0
4201,0
23246,0
18642,0
3733,0
27869,0
17851,0
15587,0
7652,0
28296,0
9710,0
25729,0
13988,0
19355,0
9511,0
26458,0
21747,0
12664,0
15863,0
16329,0
17474,0
5461,0
7725,0
24588,0
7375,0
27596,0
20333,0
2228,0
20593,0
25648,0
21086,0
28804,0
14613,0
22291,0
59,0
8703,0
1690,0
4386,0
23168,0
18796,0
25521,0
10159,0
17192,0
18584,0
4359,0
23956,0
2622,0
8899,0
3110,0
9116,0
27574,0
3139,0
23837,0
18283,0
13846,0
17329,0
14206,0
26958,0
861,0
17162,0
14769,0
23659,0
5670,0
1308,0
18691,0
1433,0
10253,0
22407,0
6059,0
5856,0
854,0
20625,0
9944,0
23605,0
7572,0
23254,0
9393,0
21434,0
1780,0
2809,0
16797,0
16348,0
24623,0
22465,0
12161,0
16935,0
8548,0
996,0
25545,0
20598,0
15069,0
11542,0
2798,0
1151,0
14039,0
12557,0
13410,0
28069,0
15588,0
2932,0
18342,0
14675,0
16378,0
20712,0
26836,0
4291,0
12775,0
26281,0
17427,0
14814,0
11861,0
20065,0
14775,0
16696,0
23637,0
6159,0
9145,0
22607,0
26622,0
42,0
24018,0
2181,0
6789,0
282,0
26662,0
14476,0
23021,0
27745,0
17665,0
1568,0
11084,0
7615,0
24136,0
7947,0
7957,0
15908,0
26972,0
1043,0
12150,0
17757,0
21129,0
24205,0
17018,0
25163,0
14644,0
12025,0
19216,0
9591,0
21191,0
23231,0
29581,0
23676,0
22514,0
4030,0
16822,0
1023,0
6754,0
4011,0
25090,0
13661,0
12600,0
14520,0
6983,0
6079,0
11626,0
10578,0
4638,0
8373,0
6991,0
2785,0
7096,0
25000,0
27835,0
18665,0
8422,0
11553,0
27316,0
26311,0
26333,0
19816,0
9041,0
1295,0
14633,0
19030,0
10779,0
23560,0
9751,0
10376,0
7501,0
10709,0
13921,0
8328,0
14124,0
7027,0
7111,0
23636,0
24662,0
16989,0
26703,0
11241,0
2396,0
8894,0
579,0
889,0
20296,0
27517,0
4476,0
4355,0
8559,0
22639,0
6907,0
20039,0
28342,0
12902,0
6113,0
23113,0
16344,0
11518,0
2666,0
11925,0
17410,0
25417,0
5962,0
29630,0
19371,0
28039,0
9945,0
762,0
28911,0
13909,0
27248,0
7960,0
15838,0
21349,0
2040,0
3116,0
13002,0
29372,0
28088,0
2571,0
11297,0
3745,0
23879,0
20103,0
19070,0
5051,0
24045,0
14963,0
689,0
28408,0
19448,0
22629,0
27404,0
12462,0
26256,0
25075,0
16572,0
24260,0
8747,0
1000,0
17497,0
5899,0
16357,0
14416,0
25687,0
8433,0
26253,0
2023,0
1189,0
27969,0
9402,0
13411,0
3874,0
24385,0
3820,0
20261,0
14389,0
15619,0
178,0
21213,0
2419,0
2215,0
5415,0
4297,0
9429,0
5732,0
1595,0
12577,0
7063,0
22555,0
12012,0
11254,0
18046,0
12589,0
7840,0
4735,0
27132,0
14248,0
11530,0
13128,0
21652,0
4197,0
21897,0
304,0
23808,0
3627,0
11978,0
6900,0
6842,0
14771,0
342,0
19084,0
3724,0
3762,0
27355,0
20682,0
13026,0
780,0
28782,0
28792,0
17266,0
14019,0
17962,0
16724,0
25424,0
15271,0
12677,0
2597,0
20829,0
13631,0
12373,0
12527,0
7317,0
9542,0
2564,0
22135,0
27099,0
22993,0
29984,0
25992,0
4932,0
27463,0
16676,0
21621,0
1027,0
16605,0
11346,0
15564,0
24609,0
13436,0
5187,0
19245,0
25954,0
3973,0
16435,0
19494,0
27015,0
15341,0
25438,0
6211,0
9915,0
81,0
7437,0
13750,0
1380,0
13653,0
28277,0
27357,0
4371,0
25615,0
18205,0
2786,0
24882,0
4553,0
4121,0
14967,0
19336,0
26049,0
27090,0
11321,0
24104,0
24602,0
27168,0
26491,0
14361,0
25783,0
12086,0
25826,0
25781,0
6125,0
4232,0
22364,0
6609,0
24181,0
3864,0
16929,0
19924,0
21695,0
5431,0
8819,0
19897,0
14821,0
20711,0
4444,0
17114,0
19847,0
765,0
28526,0
23437,0
6698,0
29952,0
2542,0
3118,0
14831,0
25045,0
27625,0
19894,0
710,0
499,0
3326,0
27279,0
4933,0
25794,0
1359,0
6431,0
27820,0
12348,0
10101,0
24673,0
13518,0
25568,0
2864,0
7076,0
11415,0
13993,0
13295,0
23229,0
5262,0
28438,0
28274,0
16896,0
15704,0
11251,0
11777,0
29956,0
9112,0
4859,0
25103,0
29458,0
17086,0
17721,0
5018,0
24017,0
8558,0
5494,0
5711,0
19461,0
9999,0
545,0
13967,0
1200,0
13381,0
19923,0
1166,0
15389,0
11714,0
18102,0
2689,0
2368,0
14469,0
27327,0
22497,0
26608,0
15631,0
11169,0
3883,0
24802,0
7442,0
9767,0
20811,0
5685,0
29725,0
1374,0
25751,0
12756,0
3684,0
25130,0
15910,0
19202,0
14790,0
19736,0
15541,0
26365,0
8933,0
20311,0
22362,0
15452,0
715,0
1918,0
25469,0
14991,0
13934,0
561,0
21491,0
12711,0
29079,0
6407,0
20704,0
8233,0
11255,0
17298,0
14227,0
28708,0
11309,0
9133,0
24842,0
9913,0
29995,0
9597,0
24535,0
11155,0
23434,0
16414,0
13637,0
3061,0
1732,0
23678,0
16096,0
14844,0
1746,0
11888,0
4086,0
29158,0
12805,0
14748,0
4888,0
18356,0
19835,0
11584,0
24190,0
17097,0
28937,0
21405,0
26673,0
7762,0
26430,0
2762,0
24557,0
26033,0
19741,0
24364,0
25355,0
8009,0
5360,0
8977,0
20954,0
29756,0
9587,0
24521,0
9953,0
5446,0
23902,0
8658,0
147,0
16268,0
10358,0
23536,0
8244,0
25919,0
28944,0
6070,0
26804,0
2712,0
13777,0
15249,0
11506,0
20247,0
7184,0
5655,0
18068,0
16316,0
14447,0
13975,0
9713,0
19174,0
15113,0
12712,0
694,0
25910,0
28237,0
16732,0
8587,0
19869,0
7500,0
29086,0
12424,0
25021,0
25945,0
14943,0
11846,0
7937,0
16589,0
3726,0
26986,0
2577,0
24974,0
9554,0
2035,0
26200,0
11201,0
29428,0
22263,0
25427,0
29327,0
27344,0
14198,0
14851,0
28304,0
806,0
5255,0
4490,0
1076,0
9906,0
17564,0
18215,0
13915,0
22630,0
8122,0
26583,0
10644,0
11038,0
29137,0
21728,0
7791,0
29807,0
29374,0
21557,0
25516,0
19713,0
22283,0
24986,0
8127,0
24457,0
21277,0
21075,0
11316,0
27734,0
27605,0
24452,0
2707,0
4717,0
1113,0
27786,0
14768,0
10926,0
18861,0
4880,0
26154,0
22594,0
5119,0
3236,0
22474,0
19204,0
20372,0
17887,0
25831,0
2021,0
21031,0
18081,0
7871,0
620,0
6560,0
25088,0
29207,0
8687,0
7781,0
11120,0
1634,0
3760,0
20068,0
24421,0
24000,0
139,0
25365,0
13487,0
18820,0
6446,0
16704,0
4251,0
3986,0
21792,0
7417,0
20773,0
10435,0
29508,0
4782,0
13911,0
10225,0
20591,0
11664,0
12094,0
2723,0
4365,0
21644,0
11288,0
26129,0
17534,0
13651,0
4768,0
2887,0
23127,0
4158,0
15550,0
21011,0
20225,0
15171,0
29211,0
72,0
24234,0
14902,0
21712,0
14298,0
11783,0
2891,0
12533,0
28784,0
23366,0
10896,0
15584,0
4264,0
16883,0
375,0
20471,0
25891,0
794,0
9237,0
10266,0
21790,0
6816,0
26185,0
13265,0
23335,0
2122,0
22292,0
22384,0
1373,0
20360,0
4138,0
18565,0
4963,0
15343,0
17090,0
12753,0
27848,0
7288,0
15509,0
20234,0
23760,0
10827,0
23794,0
13853,0
8827,0
17587,0
17632,0
251,0
28629,0
16580,0
14557,0
18089,0
3506,0
5211,0
1306,0
4706,0
4332,0
1167,0
28502,0
64,0
1340,0
19628,0
17671,0
17668,0
1940,0
647,0
23089,0
19198,0
5578,0
18503,0
15199,0
26819,0
4207,0
16999,0
20623,0
3052,0
28234,0
11941,0
9273,0
14509,0
2050,0
6832,0
29282,0
18561,0
14223,0
20136,0
21240,0
14937,0
468,0
10974,0
20200,0
20848,0
3445,0
7706,0
21064,0
7324,0
17938,0
26105,0
23360,0
27792,0
29672,0
29664,0
22248,0
9495,0
22528,0
21766,0
999,0
20,0
15617,0
25366,0
28128,0
19018,0
15677,0
7145,0
25717,0
16766,0
2951,0
28664,0
26265,0
4899,0
23572,0
10598,0
24922,0
25134,0
25799,0
15122,0
26242,0
1084,0
7077,0
5265,0
10250,0
14539,0
14488,0
18652,0
24298,0
28335,0
11766,0
18683,0
13763,0
10450,0
27617,0
6359,0
21862,0
6036,0
24509,0
14754,0
26187,0
22896,0
29887,0
6610,0
29365,0
4312,0
25281,0
21566,0
690,0
6001,0
15039,0
15797,0
28793,0
22672,0
11747,0
10966,0
1221,0
28142,0
21696,0
15230,0
21429,0
28797,0
22052,0
14114,0
15183,0
12231,0
23230,0
12339,0
16250,0
28217,0
22827,0
28504,0
24366,0
3432,0
13630,0
24343,0
28410,0
5370,0
26509,0
1593,0
17276,0
28501,0
19038,0
26864,0
10224,0
13665,0
28623,0
5936,0
21194,0
7113,0
25176,0
23224,0
13843,0
24577,0
7955,0
25681,0
6246,0
17342,0
19917,0
26969,0
29698,0
21256,0
5278,0
25934,0
14145,0
23700,0
7837,0
15057,0
7595,0
2010,0
12950,0
4142,0
25161,0
25711,0
12301,0
6440,0
18468,0
4,0
23801,0
7789,0
5433,0
5385,0
1583,0
22970,0
11923,0
9555,0
13858,0
15511,0
21218,0
13198,0
23601,0
21717,0
23530,0
19152,0
7849,0
12164,0
9349,0
9423,0
10318,0
20259,0
22581,0
24981,0
26031,0
21090,0
3855,0
17370,0
18274,0
1840,0
24539,0
9630,0
6784,0
28706,0
5805,0
17754,0
19730,0
12842,0
849,0
8498,0
2346,0
6766,0
3266,0
4146,0
2024,0
15229,0
4345,0
24156,0
3825,0
4215,0
13324,0
10735,0
5216,0
4299,0
4432,0
28303,0
15709,0
14453,0
20453,0
27409,0
23746,0
23954,0
9185,0
6168,0
17454,0
9570,0
6362,0
24620,0
19530,0
18716,0
15608,0
28106,0
14946,0
11360,0
18477,0
9982,0
23412,0
11894,0
24256,0
15005,0
15450,0
2131,0
17865,0
10462,0
24270,0
16646,0
23473,0
3401,0
28329,0
17786,0
17108,0
1387,0
3794,0
12925,0
21390,0
15063,0
148,0
24201,0
20907,0
17589,0
10097,0
1987,0
24593,0
10133,0
7684,0
7431,0
15208,0
24224,0
16320,0
23448,0
10223,0
19601,0
18017,0
2838,0
14131,0
3306,0
22178,0
7923,0
13179,0
29676,0
27991,0
21893,0
23297,0
16042,0
17117,0
14183,0
19688,0
28396,0
21681,0
2941,0
11001,0
619,0
8482,0
25863,0
25155,0
19744,0
13285,0
5213,0
17486,0
11914,0
2832,0
17902,0
2306,0
29065,0
2614,0
8398,0
20128,0
22877,0
6288,0
5114,0
6293,0
25989,0
4964,0
8619,0
15989,0
22539,0
19259,0
4639,0
24745,0
29860,0
19073,0
21615,0
14050,0
1741,0
6241,0
14646,0
5402,0
7075,0
15869,0
18605,0
5699,0
11729,0
1378,0
23831,0
29186,0
9503,0
8615,0
28480,0
29241,0
1946,0
22397,0
21099,0
3558,0
3801,0
27319,0
28833,0
12610,0
20544,0
26941,0
3224,0
27227,0
25030,0
22734,0
27614,0
20107,0
409,0
8088,0
5186,0
9675,0
15116,0
11225,0
29332,0
27406,0
28223,0
27995,0
10148,0
10031,0
10543,0
24857,0
15429,0
12932,0
28606,0
28553,0
5264,0
16846,0
8356,0
17340,0
23975,0
4712,0
22899,0
18247,0
22450,0
20782,0
9065,0
12119,0
20548,0
6790,0
9018,0
53,0
25710,0
21316,0
15581,0
9683,0
6978,0
258,0
25593,0
21517,0
3639,0
51,0
18290,0
22527,0
25489,0
19812,0
27957,0
27544,0
13090,0
9373,0
15359,0
5903,0
8391,0
19561,0
2451,0
15570,0
7956,0
22343,0
9117,0
3246,0
8665,0
18353,0
11046,0
28095,0
24091,0
28986,0
26329,0
24378,0
3466,0
7845,0
15222,0
16531,0
846,0
15477,0
248,0
19729,0
27286,0
27782,0
6977,0
14511,0
300,0
9756,0
10691,0
5568,0
1561,0
14205,0
13095,0
19403,0
25966,0
19531,0
4622,0
15870,0
461,0
10760,0
18080,0
17748,0
3761,0
29722,0
14199,0
17661,0
14184,0
25745,0
17643,0
23109,0
13121,0
6033,0
2080,0
20861,0
17693,0
24959,0
6258,0
27662,0
16596,0
16888,0
9454,0
16189,0
24826,0
440,0
12458,0
8497,0
20402,0
7691,0
1183,0
20095,0
17852,0
22182,0
2710,0
10083,0
15390,0
13521,0
6236,0
12202,0
13036,0
12370,0
25880,0
16361,0
10673,0
19704,0
25650,0
6578,0
26606,0
20502,0
2206,0
2014,0
15292,0
11165,0
12383,0
9384,0
15173,0
20935,0
2350,0
11308,0
26047,0
15,0
11525,0
25916,0
8071,0
6217,0
20351,0
5391,0
24294,0
26391,0
12605,0
3083,0
21085,0
18669,0
2468,0
17519,0
29382,0
5277,0
3923,0
607,0
20734,0
3007,0
27239,0
24282,0
4715,0
23613,0
29893,0
12133,0
14433,0
10182,0
21721,0
25147,0
24410,0
26042,0
27558,0
12964,0
3536,0
21319,0
16402,0
10288,0
2849,0
12811,0
11129,0
8008,0
399,0
20560,0
8709,0
4916,0
29160,0
18065,0
16122,0
24630,0
7426,0
24883,0
11902,0
26142,0
29958,0
4274,0
11455,0
15156,0
17612,0
24117,0
20713,0
10118,0
16215,0
9259,0
5036,0
218,0
10780,0
12951,0
23549,0
21490,0
17992,0
19630,0
5017,0
15725,0
28594,0
12689,0
13912,0
2528,0
26074,0
13867,0
4450,0
26203,0
20112,0
25040,0
17501,0
20319,0
6774,0
14371,0
20199,0
12933,0
2063,0
24004,0
19131,0
15313,0
5250,0
27655,0
26877,0
19617,0
12181,0
8833,0
15498,0
6482,0
21228,0
52,0
3232,0
23990,0
24106,0
20401,0
28172,0
1967,0
4629,0
1725,0
3048,0
414,0
24423,0
8518,0
29803,0
8170,0
15298,0
17854,0
17089,0
24727,0
19790,0
16327,0
2216,0
15643,0
11575,0
5792,0
9571,0
22085,0
15911,0
29521,0
18814,0
19428,0
14156,0
23706,0
28181,0
1788,0
21141,0
10834,0
4322,0
29165,0
18607,0
7441,0
385,0
5510,0
26823,0
22019,0
14078,0
25800,0
16642,0
26993,0
3092,0
13749,0
4148,0
4753,0
4443,0
6901,0
18175,0
28009,0
7730,0
26809,0
10466,0
8417,0
22548,0
27819,0
27264,0
22429,0
16392,0
4402,0
16761,0
15330,0
26571,0
27142,0
10109,0
27986,0
11231,0
17982,0
29013,0
9497,0
4729,0
16617,0
1511,0
13409,0
6254,0
12252,0
28401,0
17068,0
3276,0
29562,0
19740,0
9200,0
27888,0
11951,0
560,0
9249,0
7101,0
1450,0
23933,0
9038,0
21089,0
12671,0
13964,0
29903,0
6274,0
18704,0
23546,0
941,0
6226,0
2980,0
15144,0
21729,0
10112,0
26011,0
18112,0
27809,0
16716,0
3954,0
16520,0
10806,0
6370,0
18715,0
29318,0
5309,0
2881,0
3352,0
14387,0
16903,0
5230,0
4059,0
3294,0
28294,0
22370,0
5007,0
5782,0
3716,0
25046,0
16532,0
25360,0
8075,0
24625,0
20791,0
11240,0
802,0
23173,0
26238,0
15711,0
25107,0
9304,0
20019,0
5164,0
4653,0
9875,0
28020,0
26299,0
14596,0
25671,0
1497,0
16080,0
19664,0
8067,0
11244,0
2313,0
29326,0
9435,0
6117,0
10284,0
25340,0
8131,0
9153,0
247,0
21431,0
2886,0
20435,0
3289,0
20545,0
13271,0
19517,0
23177,0
23523,0
19357,0
15408,0
8204,0
8655,0
27575,0
19900,0
11609,0
23539,0
18364,0
26092,0
2901,0
21878,0
13890,0
9306,0
24671,0
9894,0
28056,0
17403,0
4577,0
25835,0
29031,0
26319,0
6904,0
5997,0
2792,0
12757,0
17242,0
16084,0
12332,0
29197,0
22783,0
24977,0
21588,0
6791,0
10413,0
5631,0
13364,0
21387,0
1107,0
29571,0
1748,0
7276,0
2652,0
16054,0
14306,0
7423,0
20649,0
15010,0
15486,0
4222,0
20330,0
19330,0
16186,0
29423,0
7440,0
200,0
16227,0
11198,0
9881,0
16210,0
19864,0
4184,0
2697,0
12165,0
6414,0
19963,0
29488,0
9827,0
23200,0
16285,0
3671,0
7392,0
7546,0
21689,0
12849,0
23167,0
14196,0
16599,0
15680,0
3764,0
23277,0
8601,0
18378,0
22344,0
29473,0
16551,0
3858,0
3655,0
2362,0
26389,0
19634,0
21159,0
15328,0
3097,0
9916,0
13120,0
26720,0
16906,0
11810,0
13624,0
23219,0
12763,0
2140,0
17858,0
22746,0
29811,0
17683,0
3703,0
1353,0
6477,0
13142,0
9739,0
6671,0
10990,0
28377,0
4324,0
25716,0
9740,0
8081,0
18458,0
20777,0
8144,0
14238,0
3559,0
16047,0
1219,0
23370,0
25987,0
7936,0
7884,0
6735,0
6533,0
17466,0
26769,0
13070,0
10746,0
14648,0
29410,0
7674,0
8714,0
18983,0
776,0
19691,0
20865,0
10272,0
9348,0
25408,0
94,0
3206,0
15329,0
16730,0
10682,0
22872,0
21339,0
3586,0
8353,0
5596,0
8706,0
4070,0
29304,0
23912,0
7359,0
21783,0
21068,0
3739,0
23544,0
12634,0
19168,0
18723,0
5855,0
29116,0
14970,0
9776,0
10602,0
20310,0
22550,0
4666,0
29037,0
1527,0
24253,0
14340,0
26155,0
21697,0
26832,0
19480,0
23488,0
22954,0
19993,0
3208,0
17898,0
4552,0
16309,0
18803,0
14523,0
26308,0
8938,0
12353,0
18635,0
22022,0
11878,0
1682,0
10227,0
26630,0
3955,0
20124,0
2770,0
22302,0
22015,0
22487,0
15449,0
14242,0
7462,0
212,0
26428,0
20507,0
22277,0
8816,0
6369,0
20561,0
20416,0
257,0
12046,0
5751,0
11557,0
22166,0
5243,0
11003,0
12317,0
6638,0
25896,0
13845,0
18848,0
9578,0
1193,0
10860,0
2520,0
16236,0
5270,0
5651,0
17789,0
14282,0
20224,0
1001,0
8732,0
26117,0
5897,0
616,0
18499,0
17883,0
2631,0
1391,0
16464,0
22098,0
16488,0
18227,0
27999,0
8509,0
9139,0
22489,0
2245,0
27651,0
26030,0
19231,0
19031,0
21748,0
29208,0
4551,0
25333,0
18111,0
24116,0
7861,0
7024,0
21028,0
24213,0
28362,0
7770,0
21898,0
8632,0
7740,0
14659,0
26659,0
22155,0
23744,0
27601,0
745,0
2193,0
4947,0
344,0
29753,0
24014,0
25682,0
16550,0
2257,0
2973,0
19443,0
135,0
19063,0
3882,0
24762,0
10927,0
13787,0
28883,0
4743,0
984,0
27677,0
13811,0
15859,0
28431,0
10016,0
8078,0
17387,0
19952,0
11232,0
22909,0
1459,0
1572,0
15752,0
18559,0
1692,0
242,0
1759,0
12206,0
23702,0
4152,0
25620,0
1453,0
20729,0
5909,0
9087,0
29141,0
9621,0
8266,0
27816,0
2208,0
27311,0
4506,0
25064,0
15915,0
13581,0
13836,0
18002,0
3273,0
27796,0
28940,0
13852,0
14776,0
23625,0
17621,0
19942,0
26907,0
24219,0
27232,0
13506,0
443,0
14931,0
21690,0
22174,0
27949,0
17803,0
18123,0
16553,0
9691,0
26272,0
28555,0
23528,0
18398,0
27151,0
5810,0
20727,0
4641,0
28468,0
14564,0
13600,0
16397,0
19500,0
16565,0
6688,0
27179,0
12089,0
20329,0
3274,0
29364,0
22426,0
16057,0
6672,0
16811,0
21498,0
20942,0
22767,0
3125,0
13491,0
1574,0
12433,0
9422,0
10335,0
11918,0
25630,0
2581,0
22861,0
8939,0
28184,0
26855,0
12209,0
4094,0
25267,0
1379,0
8039,0
15577,0
21495,0
1207,0
24426,0
19929,0
14965,0
10178,0
5003,0
22492,0
4626,0
17435,0
20078,0
29555,0
226,0
4076,0
27123,0
26023,0
880,0
4178,0
75,0
22485,0
2950,0
28612,0
19116,0
26470,0
6433,0
1115,0
6542,0
24175,0
15453,0
22313,0
23007,0
15277,0
18029,0
26209,0
12585,0
11934,0
26975,0
9149,0
12048,0
19507,0
11759,0
3737,0
20717,0
18545,0
18044,0
872,0
26957,0
10497,0
23848,0
10816,0
16774,0
28682,0
16457,0
17996,0
28967,0
13224,0
23442,0
11401,0
20768,0
21610,0
22933,0
7814,0
8226,0
10555,0
8500,0
21787,0
13582,0
28766,0
18881,0
17975,0
5761,0
3797,0
22284,0
3547,0
3456,0
6681,0
7694,0
28195,0
20442,0
26496,0
10654,0
6634,0
27335,0
15789,0
2982,0
1997,0
22949,0
24960,0
23074,0
25199,0
5744,0
18344,0
17819,0
11385,0
1838,0
10609,0
23965,0
2988,0
9266,0
10985,0
18693,0
19554,0
27846,0
15921,0
18193,0
7333,0
4745,0
14004,0
13955,0
17160,0
8798,0
26239,0
11453,0
5454,0
10207,0
16778,0
1530,0
19246,0
6452,0
18464,0
24244,0
4701,0
11853,0
16070,0
14664,0
4012,0
219,0
13317,0
5307,0
11152,0
11006,0
11809,0
13905,0
22381,0
1852,0
23298,0
895,0
8304,0
10864,0
28241,0
3269,0
7004,0
22780,0
26380,0
17795,0
11788,0
20550,0
24608,0
29857,0
18717,0
1601,0
3449,0
27300,0
19476,0
21918,0
20334,0
6323,0
12436,0
13945,0
4692,0
25860,0
4199,0
23800,0
24276,0
12101,0
12620,0
2067,0
805,0
14014,0
9177,0
18603,0
567,0
6622,0
28074,0
24488,0
10627,0
14485,0
11487,0
18293,0
27638,0
9284,0
22917,0
27040,0
26412,0
1897,0
29743,0
24627,0
14739,0
11243,0
4218,0
5687,0
13319,0
17382,0
17695,0
26953,0
20353,0
4149,0
22072,0
18590,0
14985,0
13046,0
12994,0
23238,0
21645,0
20017,0
1360,0
9257,0
19376,0
12365,0
23609,0
19840,0
16510,0
19119,0
23047,0
13216,0
27943,0
23396,0
2558,0
6458,0
3210,0
7720,0
583,0
3903,0
9058,0
15886,0
18920,0
22937,0
21869,0
21611,0
17348,0
28805,0
14395,0
4538,0
21361,0
9729,0
23491,0
4357,0
20886,0
7189,0
27170,0
29669,0
28972,0
15053,0
22865,0
27412,0
7604,0
20790,0
23325,0
21722,0
22769,0
21731,0
4792,0
18832,0
26493,0
314,0
2037,0
11257,0
9719,0
27488,0
8845,0
19425,0
3527,0
19965,0
1226,0
5789,0
22030,0
29684,0
15371,0
24340,0
3899,0
1522,0
11838,0
24212,0
17190,0
27694,0
24730,0
15794,0
14109,0
16150,0
13467,0
18272,0
29348,0
4363,0
1903,0
7600,0
28120,0
27450,0
1412,0
1155,0
25532,0
1900,0
22354,0
19542,0
4278,0
7935,0
7622,0
26032,0
29401,0
11347,0
22185,0
18524,0
25539,0
23106,0
16768,0
14858,0
10633,0
14121,0
12472,0
16950,0
9455,0
3428,0
27144,0
19535,0
10121,0
24427,0
23098,0
19180,0
24645,0
22828,0
13740,0
27240,0
12380,0
10449,0
13617,0
8636,0
5822,0
25055,0
23951,0
1836,0
17711,0
24990,0
548,0
764,0
27032,0
19141,0
16220,0
13043,0
28554,0
24812,0
14090,0
22626,0
5629,0
26236,0
28117,0
13025,0
6041,0
20982,0
22500,0
26460,0
14461,0
2007,0
9357,0
10320,0
25339,0
16350,0
22749,0
17412,0
24015,0
24485,0
19092,0
12034,0
67,0
19935,0
568,0
18787,0
7350,0
1984,0
19511,0
13662,0
22035,0
27031,0
27537,0
20552,0
10451,0
27561,0
18148,0
23220,0
25707,0
24839,0
967,0
437,0
29695,0
8278,0
12405,0
7949,0
29702,0
5776,0
1534,0
13682,0
8495,0
19463,0
17867,0
8456,0
3356,0
13054,0
19609,0
27125,0
5198,0
12398,0
18937,0
1898,0
25911,0
5621,0
5799,0
395,0
22419,0
8617,0
2163,0
24210,0
15007,0
28878,0
2183,0
25614,0
6418,0
9245,0
29768,0
24344,0
1281,0
2743,0
25855,0
87,0
24980,0
1019,0
21741,0
27060,0
9569,0
2606,0
1244,0
3934,0
29691,0
26125,0
9248,0
13738,0
2548,0
15851,0
10576,0
27532,0
17325,0
26537,0
24186,0
7487,0
17241,0
24676,0
7938,0
29528,0
4570,0
12959,0
7206,0
11012,0
10965,0
21939,0
11298,0
21459,0
8406,0
401,0
26521,0
19645,0
6286,0
20969,0
13742,0
22943,0
24238,0
4504,0
4537,0
1049,0
19614,0
14495,0
15017,0
3382,0
28671,0
22558,0
15478,0
7559,0
22623,0
20043,0
5326,0
27955,0
25703,0
26087,0
1592,0
19598,0
13080,0
14547,0
22459,0
8102,0
10175,0
5848,0
19170,0
26660,0
26383,0
19439,0
20459,0
3930,0
18621,0
4705,0
10393,0
22888,0
16781,0
2592,0
25870,0
25885,0
17183,0
15287,0
13278,0
12359,0
5995,0
1771,0
16790,0
24756,0
9302,0
26636,0
12454,0
14645,0
26056,0
23795,0
10754,0
23228,0
18377,0
13065,0
12561,0
25857,0
321,0
20050,0
25660,0
14639,0
13659,0
3770,0
3686,0
12498,0
3059,0
12938,0
22968,0
25222,0
592,0
21202,0
3670,0
5172,0
16355,0
14765,0
8778,0
26976,0
5498,0
15112,0
24569,0
9763,0
19150,0
11015,0
2915,0
9736,0
23114,0
19813,0
971,0
16300,0
13804,0
7224,0
603,0
3221,0
12347,0
14551,0
100,0
7245,0
8087,0
8673,0
19550,0
8389,0
192,0
27990,0
2590,0
12192,0
26257,0
11139,0
8086,0
11540,0
22181,0
16840,0
7909,0
6042,0
1361,0
6265,0
19280,0
6167,0
26207,0
23379,0
17324,0
15235,0
13303,0
22037,0
4305,0
17747,0
22454,0
27829,0
9360,0
10612,0
4022,0
1080,0
28933,0
2492,0
29117,0
10359,0
29056,0
15093,0
14187,0
594,0
24778,0
20876,0
4337,0
16068,0
1105,0
1626,0
16912,0
3391,0
10592,0
28676,0
8276,0
13244,0
7507,0
24189,0
9549,0
23345,0
26457,0
16112,0
26464,0
25274,0
29279,0
27749,0
5643,0
10125,0
2389,0
12047,0
3818,0
7886,0
5328,0
5527,0
6508,0
22398,0
12146,0
29182,0
16032,0
26956,0
26422,0
14337,0
20894,0
2316,0
1327,0
28026,0
6741,0
2958,0
1178,0
1051,0
15743,0
21278,0
6114,0
24007,0
591,0
2343,0
12310,0
25509,0
22316,0
18953,0
6772,0
4082,0
18819,0
18302,0
4330,0
23745,0
11933,0
23810,0
10805,0
12019,0
25824,0
19546,0
28008,0
23159,0
28801,0
28918,0
3211,0
19261,0
4733,0
14381,0
12186,0
5506,0
12954,0
29820,0
797,0
12693,0
2042,0
6592,0
15739,0
4936,0
1506,0
1718,0
19406,0
13680,0
14938,0
12343,0
9605,0
15124,0
22716,0
4876,0
18106,0
5416,0
25232,0
25368,0
20796,0
21452,0
5529,0
2108,0
8626,0
22129,0
22208,0
23037,0
7148,0
19154,0
14102,0
4426,0
11108,0
23595,0
12646,0
2364,0
12823,0
23768,0
5354,0
7308,0
7759,0
27586,0
7798,0
8318,0
8151,0
12226,0
25216,0
20119,0
29600,0
4817,0
25394,0
3126,0
12968,0
6474,0
5403,0
11094,0
12377,0
23394,0
112,0
6322,0
6525,0
26827,0
29291,0
1631,0
8363,0
8512,0
27342,0
24773,0
19914,0
13683,0
7367,0
19316,0
9975,0
18827,0
17536,0
8202,0
12468,0
3281,0
1614,0
7378,0
10911,0
20245,0
7273,0
20169,0
22033,0
2093,0
15845,0
12438,0
27255,0
10666,0
7131,0
28811,0
5519,0
26621,0
15703,0
21236,0
9220,0
596,0
1532,0
24389,0
21472,0
22300,0
14291,0
24477,0
27038,0
6826,0
18177,0
6936,0
12079,0
23557,0
9803,0
18877,0
29543,0
10993,0
2280,0
11133,0
5695,0
26955,0
19249,0
8577,0
25451,0
27460,0
7127,0
26254,0
24305,0
1075,0
11521,0
9250,0
10517,0
17946,0
29623,0
26113,0
8420,0
14263,0
25952,0
10583,0
18686,0
16311,0
4271,0
28024,0
3249,0
22612,0
3591,0
26241,0
29301,0
1421,0
8596,0
26750,0
3117,0
20161,0
15304,0
1743,0
8428,0
15571,0
15779,0
22684,0
12109,0
19056,0
5118,0
27538,0
15830,0
15036,0
11124,0
10233,0
11380,0
151,0
8897,0
7236,0
14588,0
20145,0
19458,0
12260,0
19201,0
17558,0
14826,0
512,0
1045,0
28528,0
10271,0
20011,0
7816,0
9450,0
11822,0
30,0
11877,0
17703,0
2699,0
17527,0
26274,0
15940,0
2327,0
11421,0
28510,0
11993,0
28769,0
28186,0
25846,0
9412,0
20556,0
7066,0
1957,0
27761,0
5352,0
15114,0
11685,0
29724,0
407,0
16065,0
25475,0
19939,0
16603,0
25256,0
22713,0
3740,0
17616,0
22739,0
15373,0
26677,0
5275,0
9474,0
25903,0
23492,0
20490,0
9211,0
17275,0
27975,0
25536,0
28299,0
16904,0
10144,0
13474,0
907,0
29288,0
27417,0
15529,0
812,0
11175,0
23591,0
4052,0
28426,0
21104,0
2048,0
7811,0
10018,0
3051,0
605,0
12074,0
21650,0
27313,0
12651,0
4914,0
17009,0
11875,0
29884,0
10346,0
9230,0
19777,0
16452,0
29892,0
11404,0
29289,0
5693,0
6675,0
7640,0
22982,0
17892,0
10986,0
4830,0
28614,0
10849,0
18801,0
24456,0
24182,0
26617,0
10177,0
8585,0
17480,0
10886,0
26429,0
14008,0
25228,0
3148,0
4110,0
22038,0
22198,0
12702,0
26279,0
21636,0
26570,0
15243,0
19292,0
3347,0
26431,0
8,0
8588,0
13014,0
1142,0
28079,0
2894,0
21132,0
28627,0
22267,0
9025,0
17270,0
9955,0
2572,0
2005,0
24665,0
20621,0
15775,0
28794,0
20291,0
14023,0
2295,0
19619,0
13620,0
9109,0
14680,0
7523,0
20192,0
22162,0
18776,0
27926,0
13652,0
12821,0
19296,0
12097,0
1381,0
29467,0
8461,0
25777,0
7260,0
6447,0
24911,0
6502,0
3765,0
16980,0
18462,0
29674,0
17804,0
19348,0
9859,0
14838,0
3743,0
16571,0
20959,0
15995,0
3957,0
11236,0
24519,0
1762,0
11929,0
23071,0
12700,0
9577,0
25733,0
4288,0
17158,0
4272,0
7159,0
28380,0
4458,0
28388,0
2848,0
17476,0
3121,0
7491,0
18755,0
1403,0
8633,0
7735,0
4452,0
26227,0
20209,0
16669,0
22453,0
8943,0
3109,0
20737,0
12707,0
6603,0
3667,0
14182,0
15097,0
11528,0
9723,0
26124,0
16020,0
9623,0
11410,0
29583,0
24528,0
438,0
25577,0
14388,0
12855,0
14377,0
23923,0
6173,0
14889,0
14105,0
24680,0
12251,0
14236,0
4996,0
10200,0
17104,0
9976,0
15645,0
19661,0
10999,0
21229,0
24828,0
23883,0
5522,0
13378,0
18775,0
2185,0
2104,0
13376,0
27475,0
15042,0
855,0
22448,0
21575,0
22813,0
17293,0
5836,0
305,0
17389,0
9239,0
24880,0
15559,0
9470,0
6749,0
22934,0
14122,0
2335,0
22931,0
5509,0
17225,0
28862,0
10957,0
10877,0
11786,0
19469,0
13414,0
26293,0
24312,0
9673,0
28434,0
8414,0
9242,0
10677,0
13386,0
1160,0
13761,0
4243,0
1068,0
29244,0
417,0
5088,0
24273,0
1352,0
8092,0
17062,0
27245,0
26994,0
571,0
13887,0
11221,0
16574,0
2309,0
15827,0
26505,0
3690,0
16051,0
13114,0
9212,0
20155,0
26341,0
3159,0
25588,0
17922,0
6493,0
953,0
7230,0
958,0
17014,0
9057,0
4993,0
22271,0
15666,0
14217,0
4424,0
25023,0
21067,0
2060,0
17350,0
21570,0
13176,0
3068,0
29005,0
6311,0
9558,0
25328,0
19072,0
19481,0
1222,0
15647,0
27051,0
3155,0
29267,0
5791,0
21200,0
27774,0
11588,0
12411,0
3905,0
25567,0
10737,0
24265,0
14685,0
25207,0
16358,0
1594,0
27241,0
25912,0
17566,0
549,0
27699,0
29617,0
9852,0
28866,0
27480,0
29522,0
19295,0
13726,0
22328,0
21593,0
29092,0
10884,0
16356,0
19658,0
16373,0
13140,0
10030,0
11125,0
8651,0
108,0
27831,0
3502,0
6470,0
22499,0
26604,0
8290,0
18517,0
4685,0
487,0
8044,0
20083,0
4498,0
21304,0
4561,0
19970,0
24797,0
6625,0
8372,0
26963,0
28564,0
7256,0
24157,0
627,0
25344,0
24373,0
5739,0
22229,0
477,0
19684,0
10465,0
13261,0
4113,0
2810,0
26751,0
16537,0
22854,0
23610,0
28660,0
7253,0
15895,0
5134,0
19327,0
6739,0
23172,0
8525,0
1232,0
16881,0
7827,0
21595,0
22476,0
14329,0
4751,0
3006,0
14780,0
7658,0
26538,0
10605,0
16800,0
26153,0
28391,0
10300,0
20404,0
8440,0
2138,0
21175,0
17504,0
18924,0
22233,0
23790,0
2782,0
14921,0
25440,0
29299,0
3507,0
10810,0
14310,0
12471,0
27246,0
15445,0
5356,0
23834,0
25967,0
27817,0
18287,0
8684,0
11337,0
27952,0
29232,0
27306,0
29314,0
13814,0
16203,0
10683,0
4038,0
26330,0
22796,0
19803,0
5336,0
16803,0
4528,0
9335,0
20657,0
2741,0
23347,0
7126,0
9887,0
5142,0
5086,0
15881,0
27162,0
19951,0
8566,0
5650,0
20445,0
483,0
12041,0
19620,0
25879,0
20801,0
11218,0
5985,0
25970,0
14166,0
12396,0
1109,0
26211,0
12323,0
22649,0
24840,0
10763,0
3284,0
11948,0
2074,0
21828,0
25500,0
20413,0
16318,0
19579,0
24227,0
29529,0
21296,0
22358,0
8242,0
27403,0
18813,0
22852,0
13089,0
8609,0
22309,0
5345,0
16928,0
5715,0
23596,0
24072,0
8729,0
28357,0
23033,0
3192,0
9396,0
2922,0
22905,0
10953,0
18733,0
3514,0
3897,0
29621,0
7412,0
17467,0
18864,0
882,0
5517,0
19794,0
27593,0
359,0
13210,0
26880,0
22726,0
24811,0
24326,0
29313,0
9638,0
24211,0
22808,0
12291,0
26401,0
12064,0
29510,0
24395,0
23993,0
25852,0
5343,0
4616,0
16145,0
504,0
5820,0
19893,0
18638,0
24453,0
28189,0
27628,0
18435,0
24578,0
10771,0
24906,0
19641,0
26566,0
11300,0
3137,0
17420,0
20061,0
9459,0
5616,0
19508,0
3473,0
26073,0
20273,0
922,0
10076,0
7986,0
16171,0
27863,0
5138,0
11803,0
12826,0
13847,0
6664,0
19071,0
5109,0
5958,0
15103,0
3567,0
8973,0
24480,0
24048,0
11348,0
28808,0
23867,0
5329,0
3508,0
6203,0
9414,0
12342,0
18860,0
17361,0
18201,0
13731,0
18774,0
18030,0
18878,0
13715,0
5793,0
5983,0
24206,0
13723,0
5649,0
4658,0
29781,0
13784,0
5913,0
9520,0
2561,0
520,0
10191,0
14663,0
4304,0
2721,0
14781,0
19211,0
12970,0
4625,0
26159,0
29864,0
18949,0
19298,0
12163,0
28613,0
7282,0
1895,0
20997,0
16830,0
1190,0
10935,0
28760,0
11864,0
7090,0
23467,0
18592,0
29739,0
20420,0
4479,0
17625,0
5840,0
29346,0
20915,0
14687,0
8841,0
17245,0
26388,0
9007,0
9280,0
22467,0
28549,0
4809,0
27729,0
4103,0
10269,0
23223,0
29034,0
4499,0
10060,0
13746,0
23803,0
9513,0
15460,0
5140,0
12088,0
5859,0
10656,0
25790,0
15865,0
18143,0
21306,0
13496,0
25313,0
23804,0
5283,0
26811,0
17780,0
19702,0
24522,0
16185,0
26741,0
8152,0
15073,0
16251,0
19834,0
18734,0
16756,0
20783,0
10017,0
8829,0
3033,0
16775,0
25631,0
16548,0
397,0
14241,0
28214,0
11269,0
26347,0
6958,0
6554,0
20383,0
21560,0
17353,0
7642,0
24028,0
29901,0
19669,0
22741,0
3091,0
23501,0
11009,0
13733,0
15966,0
12102,0
6336,0
8445,0
3045,0
27094,0
11,0
10784,0
13427,0
27340,0
21060,0
27172,0
22089,0
15187,0
22048,0
13688,0
7518,0
8722,0
8282,0
11482,0
16371,0
26393,0
1566,0
26581,0
26059,0
20624,0
27102,0
9152,0
18348,0
7416,0
21977,0
25622,0
20316,0
19335,0
22580,0
17723,0
7723,0
23367,0
1996,0
11647,0
12480,0
9359,0
36,0
17337,0
13397,0
18425,0
2774,0
11656,0
7418,0
11093,0
28697,0
17400,0
384,0
1750,0
16030,0
20718,0
18054,0
3622,0
7553,0
17195,0
19175,0
23858,0
23578,0
21660,0
18037,0
26863,0
24814,0
20160,0
26163,0
85,0
8678,0
15719,0
25655,0
14533,0
8291,0
21252,0
21625,0
928,0
15284,0
5110,0
18194,0
29730,0
14750,0
21465,0
21272,0
29493,0
8762,0
22575,0
25527,0
6170,0
24638,0
15629,0
8912,0
5849,0
12395,0
19807,0
730,0
9425,0
18105,0
21234,0
4518,0
7838,0
14745,0
7799,0
21768,0
23176,0
4128,0
24692,0
8586,0
16536,0
10154,0
11982,0
24490,0
9962,0
9925,0
20940,0
4642,0
17038,0
20845,0
3887,0
10987,0
26130,0
23027,0
5612,0
16312,0
9978,0
3010,0
22556,0
13257,0
20386,0
8325,0
4872,0
4249,0
9685,0
8311,0
13719,0
6663,0
4994,0
12732,0
14993,0
15165,0
14881,0
9067,0
7668,0
8697,0
2601,0
21294,0
27892,0
15344,0
5713,0
5872,0
1264,0
12032,0
15858,0
12698,0
24137,0
3935,0
15649,0
4090,0
6612,0
19326,0
28144,0
26405,0
2360,0
15616,0
7589,0
7035,0
27058,0
8047,0
16880,0
24463,0
14487,0
23258,0
6915,0
10530,0
18108,0
9512,0
20792,0
11619,0
28125,0
2856,0
131,0
29677,0
29599,0
2282,0
14964,0
14376,0
25156,0
13371,0
4482,0
26770,0
17426,0
28762,0
3862,0
11167,0
2565,0
12517,0
5363,0
119,0
8458,0
4340,0
149,0
28617,0
10011,0
25218,0
430,0
25503,0
17556,0
26384,0
1875,0
19827,0
1554,0
14231,0
22691,0
153,0
6620,0
25112,0
8814,0
21084,0
4054,0
23085,0
704,0
14744,0
8058,0
27602,0
26085,0
28300,0
23104,0
7712,0
14608,0
16501,0
22516,0
449,0
18627,0
25448,0
24815,0
28689,0
16705,0
25115,0
18662,0
3896,0
3915,0
4211,0
5182,0
18760,0
3329,0
26317,0
6455,0
16673,0
22146,0
16240,0
19657,0
3030,0
10297,0
9171,0
28625,0
24944,0
11374,0
16083,0
7388,0
7204,0
7900,0
17704,0
9716,0
19638,0
5469,0
21720,0
9725,0
7889,0
40,0
16802,0
17151,0
4802,0
12016,0
21286,0
20735,0
23711,0
19449,0
27423,0
7457,0
18496,0
15022,0
29923,0
9126,0
19224,0
16694,0
26077,0
6467,0
9607,0
18811,0
17338,0
20324,0
29930,0
3062,0
15738,0
26212,0
20058,0
26411,0
4632,0
29373,0
19395,0
1772,0
24313,0
25357,0
28727,0
16140,0
9407,0
4483,0
7790,0
2320,0
24847,0
9163,0
18516,0
7839,0
25362,0
17443,0
1247,0
26510,0
4539,0
20945,0
22103,0
6259,0
15347,0
4313,0
7859,0
9481,0
19851,0
20835,0
2020,0
5696,0
12572,0
4681,0
19147,0
9320,0
29067,0
24094,0
949,0
22837,0
28327,0
12240,0
18367,0
12554,0
5495,0
912,0
23378,0
21381,0
4637,0
13860,0
2668,0
20602,0
17505,0
12125,0
852,0
8769,0
20731,0
29298,0
27293,0
733,0
1621,0
10736,0
10728,0
9548,0
7942,0
7511,0
4793,0
19728,0
17404,0
15425,0
7910,0
9191,0
22223,0
7534,0
406,0
5964,0
6912,0
26266,0
7565,0
16258,0
7,0
727,0
22143,0
8050,0
8272,0
7976,0
1313,0
17196,0
24785,0
23727,0
26691,0
3553,0
20179,0
13670,0
26918,0
3718,0
7643,0
5290,0
17579,0
26905,0
26325,0
27363,0
2179,0
7020,0
19710,0
22980,0
28137,0
4354,0
2467,0
6350,0
524,0
21814,0
27333,0
13347,0
3546,0
23984,0
5588,0
2725,0
10629,0
130,0
1137,0
9094,0
28458,0
21184,0
8627,0
21442,0
28048,0
27085,0
1042,0
29036,0
26037,0
556,0
19373,0
28542,0
4798,0
2402,0
10835,0
2820,0
1337,0
1774,0
23340,0
10956,0
15134,0
2702,0
27714,0
1278,0
29226,0
9930,0
20555,0
10692,0
19276,0
10917,0
28859,0
12285,0
20607,0
12871,0
25908,0
9073,0
15080,0
2127,0
23970,0
13377,0
6400,0
14012,0
5524,0
2677,0
10078,0
18519,0
13270,0
17511,0
11498,0
6207,0
10425,0
22383,0
7644,0
20951,0
24309,0
23981,0
17259,0
21481,0
20840,0
26885,0
1752,0
9264,0
9388,0
4534,0
1279,0
10773,0
22676,0
21926,0
3551,0
18940,0
10023,0
12548,0
20182,0
23064,0
22437,0
18487,0
8062,0
27446,0
5478,0
21187,0
5842,0
2202,0
3814,0
24320,0
4736,0
1331,0
18459,0
8554,0
4463,0
21197,0
12813,0
20530,0
29873,0
10179,0
900,0
3180,0
830,0
9276,0
1069,0
29625,0
10210,0
8011,0
21328,0
4303,0
1739,0
28376,0
26290,0
22752,0
6394,0
508,0
25481,0
17150,0
23408,0
2943,0
13536,0
11891,0
3107,0
1305,0
11896,0
8571,0
28957,0
10888,0
3141,0
24476,0
18701,0
27454,0
8254,0
12839,0
3501,0
12275,0
22552,0
18386,0
17399,0
18880,0
19642,0
28579,0
26565,0
12892,0
2578,0
23198,0
24247,0
21775,0
26357,0
19423,0
21492,0
3411,0
24318,0
29380,0
7407,0
25301,0
23755,0
3948,0
18120,0
20341,0
8220,0
214,0
26978,0
19268,0
16178,0
15399,0
1094,0
10472,0
20283,0
10807,0
3504,0
18954,0
20892,0
21344,0
3468,0
15177,0
16513,0
16409,0
19580,0
11880,0
2069,0
21714,0
22463,0
9294,0
24611,0
10621,0
2975,0
633,0
20143,0
20052,0
21632,0
12974,0
12749,0
19509,0
25759,0
10305,0
15807,0
6992,0
24035,0
8744,0
25956,0
11545,0
11238,0
15442,0
1878,0
13978,0
5980,0
7332,0
13626,0
18041,0
14302,0
18288,0
26580,0
26210,0
17169,0
11541,0
28344,0
12118,0
24383,0
26726,0
14472,0
22981,0
24444,0
4040,0
1234,0
2779,0
12429,0
23471,0
7544,0
25580,0
7344,0
13594,0
1610,0
196,0
463,0
18196,0
2263,0
10699,0
25996,0
25643,0
5767,0
24121,0
2648,0
25299,0
12549,0
20415,0
23403,0
28479,0
13097,0
29969,0
15178,0
6935,0
14767,0
24929,0
3482,0
5233,0
15238,0
11762,0
14069,0
13812,0
6969,0
11210,0
20750,0
19575,0
8699,0
26612,0
28863,0
10301,0
7410,0
20826,0
24475,0
2145,0
22638,0
10976,0
24002,0
6527,0
27984,0
27117,0
1515,0
6913,0
26322,0
17945,0
23429,0
28428,0
19,0
7655,0
29589,0
12719,0
14823,0
21873,0
11057,0
24705,0
14027,0
5926,0
14894,0
14758,0
4410,0
19571,0
25762,0
25266,0
8035,0
1778,0
4287,0
21261,0
9418,0
12460,0
4414,0
18172,0
1491,0
26449,0
8415,0
7103,0
7804,0
27724,0
4429,0
19719,0
6337,0
19099,0
10217,0
7813,0
21794,0
5120,0
14593,0
1912,0
1970,0
28266,0
21154,0
27106,0
1672,0
22493,0
1197,0
15456,0
29655,0
21706,0
21185,0
12650,0
20635,0
14930,0
22799,0
5429,0
19238,0
25455,0
19019,0
28698,0
13983,0
27861,0
28948,0
27033,0
12830,0
24398,0
27037,0
15686,0
24103,0
9487,0
2880,0
4252,0
18816,0
12768,0
10222,0
29567,0
16855,0
9099,0
5344,0
16067,0
10733,0
29989,0
6425,0
11821,0
4315,0
13643,0
12253,0
3634,0
3895,0
5706,0
2686,0
18599,0
29847,0
20931,0
27368,0
20637,0
25883,0
24783,0
29628,0
26118,0
2353,0
22077,0
23924,0
10867,0
26046,0
13899,0
18866,0
23974,0
2966,0
3414,0
15381,0
27476,0
23386,0
28254,0
13700,0
28639,0
1818,0
13817,0
29564,0
20461,0
25825,0
25244,0
21754,0
26675,0
28213,0
13368,0
14099,0
10687,0
22003,0
22665,0
24591,0
24130,0
15268,0
24666,0
12316,0
17725,0
9114,0
27303,0
18911,0
5202,0
2406,0
4764,0
14386,0
28208,0
10448,0
16709,0
10108,0
13677,0
13337,0
26867,0
11394,0
15652,0
14751,0
598,0
28193,0
21150,0
27177,0
18769,0
21461,0
20928,0
9290,0
29829,0
21032,0
25321,0
21832,0
25010,0
7995,0
23212,0
4785,0
6278,0
16792,0
13649,0
9539,0
15899,0
24290,0
18469,0
3431,0
828,0
6417,0
15361,0
16351,0
20187,0
1493,0
7432,0
18970,0
18613,0
22360,0
25352,0
9959,0
3849,0
3642,0
13709,0
21125,0
2693,0
15077,0
11478,0
2533,0
27394,0
11748,0
3817,0
25888,0
18595,0
6660,0
22056,0
29194,0
17227,0
700,0
973,0
23014,0
17869,0
18653,0
9466,0
3831,0
18894,0
27914,0
20288,0
10029,0
22479,0
1828,0
23285,0
24209,0
21375,0
27689,0
29361,0
2716,0
1521,0
15521,0
2939,0
10972,0
27705,0
28713,0
29683,0
12814,0
21867,0
17125,0
27266,0
6015,1
25850,1
3071,1
28004,1
3859,1
4704,1
2261,1
25725,1
1991,1
4957,1
25426,1
1357,1
2096,1
3990,1
26640,1
3002,1
21108,1
12990,1
10185,1
8082,1
20367,1
10655,1
15350,1
19685,1
6228,1
15729,1
7056,1
1777,1
16972,1
5099,1
29115,1
16235,1
10127,1
1653,1
2537,1
5383,1
27653,1
23000,1
13689,1
19659,1
26446,1
20191,1
13880,1
18682,1
9006,1
25097,1
3499,1
12381,1
21342,1
4091,1
16128,1
29408,1
3257,1
6483,1
1540,1
23920,1
11775,1
6271,1
21535,1
402,1
13340,1
9811,1
1485,1
2105,1
13902,1
28265,1
25048,1
23607,1
1474,1
27670,1
27347,1
17806,1
23586,1
28204,1
15516,1
410,1
28800,1
14760,1
29497,1
3024,1
7338,1
7774,1
11830,1
17647,1
7660,1
12922,1
2510,1
28325,1
17562,1
27361,1
4636,1
10287,1
8508,1
10750,1
7821,1
3601,1
17971,1
8362,1
9215,1
9123,1
5817,1
5610,1
3009,1
4068,1
3442,1
26184,1
16858,1
18129,1
8320,1
29074,1
19082,1
4390,1
12946,1
18326,1
10775,1
5690,1
20962,1
9517,1
12999,1
17349,1
22948,1
14439,1
14139,1
13024,1
20622,1
7368,1
3423,1
21401,1
21532,1
12875,1
15718,1
26919,1
10157,1
25928,1
18241,1
4366,1
17059,1
20005,1
7920,1
18157,1
6156,1
7830,1
10388,1
4235,1
5736,1
6083,1
17618,1
7700,1
9840,1
9870,1
27754,1
26218,1
16352,1
3133,1
7968,1
14945,1
20439,1
2414,1
426,1
29921,1
28166,1
28806,1
22765,1
12222,1
11388,1
11031,1
3918,1
14707,1
14783,1
11299,1
28057,1
4217,1
15225,1
25471,1
16448,1
16649,1
4750,1
26856,1
21014,1
20764,1
15035,1
2012,1
15252,1
6875,1
7788,1
6238,1
16801,1
22910,1
9828,1
27627,1
17915,1
21449,1
18668,1
27209,1
20879,1
23617,1
12205,1
12386,1
12784,1
22064,1
9340,1
21267,1
26158,1
12005,1
22021,1
16788,1
23,1
15115,1
28621,1
24390,1
6623,1
27211,1
9080,1
13541,1
15365,1
8616,1
27683,1
10139,1
18296,1
17189,1
17741,1
13739,1
4983,1
466,1
22257,1
450,1
22967,1
12810,1
6581,1
26288,1
16002,1
3256,1
9346,1
11230,1
13335,1
211,1
1874,1
9951,1
29654,1
22505,1
29540,1
18634,1
28870,1
5426,1
5040,1
17319,1
24147,1
3766,1
7337,1
10859,1
26234,1
10830,1
16925,1
117,1
1861,1
8408,1
17761,1
26454,1
28984,1
28761,1
10115,1
7087,1
20110,1
17649,1
24012,1
19727,1
3863,1
646,1
14292,1
17331,1
20474,1
19052,1
21523,1
4378,1
11062,1
4527,1
19254,1
24226,1
86,1
23938,1
21326,1
3565,1
13575,1
1694,1
21427,1
11276,1
25586,1
20767,1
11697,1
2377,1
3776,1
3738,1
323,1
26947,1
16353,1
15957,1
4517,1
20527,1
16753,1
18957,1
4840,1
20673,1
28644,1
12553,1
7452,1
5674,1
27664,1
8117,1
7396,1
9078,1
1299,1
20463,1
10025,1
11559,1
9194,1
17774,1
5254,1
10523,1
26633,1
20810,1
16509,1
3839,1
25540,1
1101,1
1478,1
960,1
17482,1
8340,1
11763,1
19415,1
12963,1
26441,1
1910,1
3758,1
27372,1
1868,1
18372,1
13423,1
4791,1
15151,1
16994,1
21012,1
383,1
27522,1
8937,1
12816,1
11622,1
8142,1
8189,1
4002,1
25749,1
18158,1
19285,1
15289,1
27564,1
7238,1
18513,1
9764,1
28323,1
1785,1
862,1
12840,1
29080,1
228,1
27193,1
23898,1
29293,1
28516,1
9216,1
6348,1
20703,1
11519,1
15978,1
13802,1
27547,1
5738,1
14969,1
503,1
439,1
252,1
11959,1
4630,1
26644,1
23899,1
5147,1
19199,1
26339,1
3310,1
28559,1
71,1
27499,1
29577,1
9339,1
7718,1
18550,1
5982,1
9428,1
2462,1
16025,1
11745,1
4018,1
13134,1
8888,1
11802,1
20788,1
20842,1
1175,1
3873,1
13840,1
15566,1
16637,1
5387,1
28182,1
9493,1
9897,1
10424,1
1235,1
28637,1
3343,1
16963,1
25750,1
29974,1
19011,1
63,1
29520,1
1458,1
4067,1
16406,1
27295,1
8562,1
16467,1
2655,1
19683,1
12550,1
22249,1
9457,1
26192,1
11028,1
7164,1
10649,1
20429,1
16087,1
25830,1
14971,1
23798,1
29311,1
14820,1
1924,1
8857,1
18385,1
24252,1
824,1
17738,1
17874,1
16566,1
11850,1
20113,1
23023,1
6636,1
4161,1
29638,1
2756,1
1545,1
16578,1
24345,1
17450,1
16512,1
12084,1
25738,1
27584,1
15689,1
21017,1
22494,1
29138,1
17871,1
25109,1
10875,1
12637,1
21974,1
16423,1
18221,1
10841,1
24278,1
29278,1
27845,1
12009,1
16922,1
22978,1
26556,1
19049,1
18313,1
12644,1
12802,1
8944,1
17015,1
25285,1
10663,1
29002,1
5692,1
13515,1
13380,1
29823,1
13561,1
4879,1
22080,1
27701,1
27720,1
27013,1
5111,1
19105,1
363,1
27374,1
957,1
29575,1
15468,1
10380,1
5452,1
17017,1
10853,1
25874,1
14214,1
18554,1
17274,1
991,1
3485,1
8856,1
23005,1
21509,1
17384,1
1523,1
11432,1
29236,1
14457,1
29715,1
1120,1
14397,1
14706,1
25668,1
16137,1
12536,1
24774,1
12609,1
17179,1
13764,1
20322,1
10146,1
11497,1
10869,1
9566,1
24267,1
3568,1
7557,1
29300,1
28126,1
7639,1
18998,1
15503,1
15146,1
17023,1
6926,1
369,1
10309,1
1310,1
4997,1
19039,1
20523,1
20446,1
12587,1
8454,1
26294,1
12123,1
3170,1
12667,1
17477,1
29728,1
18447,1
12780,1
24483,1
16094,1
29254,1
1881,1
16169,1
12573,1
8534,1
8797,1
20805,1
12627,1
26300,1
10314,1
24907,1
14741,1
13196,1
22537,1
8172,1
15632,1
20424,1
5669,1
19637,1
24412,1
11971,1
26,1
10741,1
2942,1
14373,1
5986,1
28974,1
2148,1
11954,1
5101,1
23818,1
6154,1
9480,1
8469,1
1174,1
25158,1
21059,1
14020,1
23322,1
26609,1
24996,1
5694,1
21573,1
27415,1
25510,1
17533,1
2772,1
26378,1
19522,1
25741,1
2324,1
7930,1
2356,1
27154,1
29920,1
28603,1
8174,1
28289,1
21601,1
14428,1
5284,1
12216,1
14988,1
7064,1
3538,1
23999,1
21739,1
27105,1
729,1
3265,1
16337,1
24767,1
17248,1
978,1
29161,1
11650,1
26472,1
1208,1
20757,1
6559,1
21392,1
8974,1
21815,1
15154,1
17284,1
16690,1
573,1
8988,1
18618,1
17836,1
18610,1
12030,1
20381,1
12904,1
24197,1
23166,1
27501,1
14230,1
9532,1
20229,1
29329,1
17451,1
21600,1
9228,1
7316,1
2405,1
27703,1
18047,1
27885,1
26506,1
21470,1
8472,1
13510,1
8965,1
14480,1
21015,1
17894,1
1431,1
14690,1
17911,1
16346,1
18335,1
16099,1
26313,1
2776,1
12622,1
14132,1
6823,1
9197,1
17548,1
1509,1
1544,1
1722,1
16482,1
21393,1
21004,1
9856,1
20698,1
13539,1
21804,1
26829,1
12159,1
783,1
5681,1
24232,1
11131,1
17512,1
9785,1
12992,1
17463,1
10553,1
10183,1
29512,1
4492,1
3003,1
13741,1
3390,1
5647,1
1071,1
12796,1
8707,1
121,1
8542,1
11713,1
9110,1
24038,1
10135,1
16824,1
11427,1
14822,1
22560,1
10842,1
26058,1
12435,1
24392,1
17031,1
4852,1
10988,1
22119,1
11751,1
16375,1
26243,1
1869,1
10873,1
12615,1
1405,1
9556,1
24635,1
20232,1
23564,1
14161,1
8544,1
26188,1
7842,1
20664,1
20883,1
4320,1
185,1
15954,1
7307,1
17180,1
28834,1
17058,1
17906,1
29545,1
27321,1
20645,1
16785,1
7911,1
14812,1
29145,1
8815,1
45,1
13401,1
18453,1
15100,1
23111,1
11206,1
13027,1
3094,1
13048,1
1689,1
27748,1
28751,1
27427,1
8578,1
27424,1
19529,1
3291,1
10024,1
14785,1
21493,1
19863,1
18913,1
9187,1
17303,1
2811,1
18252,1
7792,1
3350,1
5665,1
13468,1
13452,1
6857,1
18919,1
4554,1
27481,1
10914,1
10480,1
12755,1
22711,1
21425,1
5501,1
14891,1
15898,1
12362,1
20099,1
4752,1
187,1
10577,1
12812,1
3832,1
8171,1
10575,1
259,1
17634,1
27386,1
12196,1
16456,1
16046,1
8812,1
331,1
25633,1
27540,1
21235,1
12278,1
25080,1
5317,1
6752,1
28532,1
4285,1
14279,1
2794,1
29292,1
11837,1
14566,1
21919,1
13329,1
16469,1
3242,1
18609,1
17840,1
12503,1
175,1
10874,1
11179,1
6094,1
25736,1
60,1
12562,1
28521,1
1261,1
6702,1
11367,1
8679,1
27533,1
23401,1
16225,1
10949,1
379,1
5471,1
18982,1
21246,1
16125,1
1513,1
3916,1
23952,1
6378,1
11537,1
23253,1
16839,1
22727,1
12592,1
20738,1
5724,1
15414,1
17485,1
16500,1
28465,1
16608,1
959,1
27467,1
21308,1
4526,1
8163,1
23856,1
11805,1
1029,1
22204,1
7724,1
16507,1
15597,1
22855,1
16134,1
657,1
26658,1
24332,1
1625,1
14063,1
16264,1
25742,1
4454,1
13922,1
14330,1
20952,1
17386,1
12655,1
9660,1
1736,1
14178,1
28173,1
7089,1
19649,1
16502,1
1968,1
6097,1
26706,1
27875,1
11305,1
5558,1
24817,1
21457,1
16813,1
26326,1
20339,1
29355,1
12018,1
14778,1
15140,1
25878,1
18489,1
17585,1
28995,1
9972,1
22506,1
12302,1
17973,1
4226,1
27631,1
16304,1
7406,1
11793,1
22502,1
26465,1
8947,1
15778,1
21232,1
24598,1
2531,1
19824,1
21029,1
3339,1
14671,1
28109,1
16869,1
13444,1
5979,1
20440,1
7182,1
16290,1
20600,1
23059,1
8821,1
1209,1
28693,1
9613,1
12957,1
16132,1
14309,1
25453,1
2019,1
12703,1
28349,1
15401,1
2265,1
6806,1
17193,1
6903,1
15580,1
20025,1
5349,1
3450,1
24013,1
14614,1
14470,1
8820,1
21107,1
47,1
5455,1
27696,1
22753,1
25259,1
15691,1
8736,1
15988,1
13655,1
13029,1
925,1
28675,1
25873,1
11962,1
13348,1
15324,1
24912,1
15030,1
22280,1
29081,1
11036,1
20133,1
18422,1
982,1
5107,1
17582,1
26376,1
25838,1
12188,1
17050,1
22005,1
3383,1
14328,1
13419,1
27579,1
2003,1
14649,1
13875,1
26173,1
17544,1
29709,1
20520,1
19770,1
3327,1
25235,1
25348,1
17051,1
419,1
24102,1
29808,1
13842,1
18867,1
5630,1
29249,1
4301,1
26005,1
752,1
27047,1
29824,1
27028,1
16937,1
14410,1
17687,1
18396,1
11301,1
2903,1
10111,1
272,1
23630,1
23615,1
2644,1
26913,1
12508,1
7608,1
16626,1
26635,1
1830,1
9869,1
8305,1
2511,1
18000,1
29132,1
16838,1
22433,1
16942,1
27082,1
13440,1
465,1
22862,1
7485,1
26853,1
9694,1
2331,1
2247,1
672,1
5458,1
15189,1
4448,1
821,1
11170,1
9799,1
6392,1
11906,1
12131,1
17043,1
19258,1
25405,1
5645,1
13083,1
4368,1
21049,1
5392,1
21307,1
29084,1
14345,1
11061,1
13548,1
26818,1
19798,1
21899,1
11147,1
21317,1
21530,1
24531,1
2102,1
23621,1
23125,1
3073,1
7028,1
25381,1
11342,1
3185,1
19149,1
26943,1
25298,1
10895,1
7249,1
10589,1
18266,1
23602,1
6054,1
16767,1
13239,1
199,1
11740,1
6221,1
29452,1
5136,1
23811,1
28853,1
28185,1
11946,1
7645,1
9826,1
20639,1
2015,1
24600,1
10662,1
27932,1
6445,1
6951,1
4064,1
17052,1
3065,1
13253,1
12408,1
23092,1
19739,1
1702,1
16683,1
4718,1
12333,1
7134,1
9192,1
10876,1
6029,1
10968,1
10232,1
27950,1
5039,1
15058,1
16289,1
13824,1
3459,1
1336,1
4882,1
23687,1
23736,1
330,1
18186,1
9791,1
2284,1
2650,1
23350,1
10753,1
15959,1
26260,1
27119,1
16,1
1980,1
9823,1
15008,1
16106,1
2403,1
11649,1
19549,1
20206,1
24938,1
22496,1
28073,1
10107,1
10102,1
18441,1
857,1
11424,1
7897,1
8623,1
20614,1
11115,1
8584,1
27139,1
4104,1
4168,1
21760,1
9252,1
21119,1
4900,1
25443,1
27613,1
14362,1
8606,1
17692,1
12935,1
2544,1
8093,1
20761,1
10814,1
23791,1
6945,1
8187,1
24570,1
99,1
661,1
10802,1
7447,1
12201,1
7961,1
1599,1
15935,1
15033,1
8768,1
757,1
12307,1
11987,1
725,1
6729,1
19485,1
4803,1
29982,1
16814,1
27320,1
23961,1
18033,1
20684,1
25645,1
21707,1
7505,1
16000,1
8468,1
20371,1
25309,1
21936,1
3580,1
17959,1
24664,1
3963,1
10360,1
6413,1
10748,1
18695,1
15487,1
29150,1
3824,1
14044,1
15500,1
26936,1
29345,1
10861,1
7474,1
4581,1
20709,1
21066,1
9196,1
3945,1
21891,1
3457,1
18939,1
2139,1
4812,1
25215,1
13711,1
27068,1
22755,1
29828,1
26647,1
16155,1
24216,1
15902,1
23087,1
20146,1
19283,1
20566,1
